ID,PhotoObjID,petroMag_r,petroFlux_u,petroFlux_g,petroFlux_r,petroFlux_i,petroFlux_z,petroFluxIvar_u,petroFluxIvar_g,petroFluxIvar_r,petroFluxIvar_i,petroFluxIvar_z
1584,1237648702975639736,17.40083,13.55162,51.79935,109.5642,174.5976,209.9846,0.2525832,0.9364166,0.2138519,0.04560144,0.007166579
465,1237648721246290147,16.76493,35.88984,114.7558,196.8004,271.1425,336.078,0.5335513,1.17267,0.3286604,0.2148645,0.01928493
419,1237648722304172344,16.42431,50.16409,166.9515,269.3255,357.5386,410.3102,0.1299727,0.4016777,0.1511707,0.05949091,0.006975508
48713,1237648722308759778,13.93589,599.8012,1958.822,2664.681,3273.064,3576.054,0.006700986,0.008123346,0.002684339,0.003650065,0.0003493085
736,1237648722312495178,17.55096,16.30651,63.78194,95.41478,125.7909,111.5575,0.1726735,0.7757944,0.2362777,0.07570177,0.004488167
1456,1237648722829639753,15.97771,46.22793,184.255,406.3665,615.2534,806.7346,0.09679973,0.2724952,0.1181645,0.05304561,0.004517071
55449,1237651066813087901,16.50294,65.58957,181.5529,250.5088,299.1606,242.7571,0.0406139,0.1270622,0.07902859,0.01937909,0.00136242
4568,1237651190282911866,16.91579,46.75436,127.0827,171.2707,215.9147,247.0162,0.1618335,0.6721759,0.3355136,0.1451811,0.01066191
52219,1237651190825877669,16.05543,106.6762,266.839,378.2942,471.722,534.0398,0.1153201,0.3467748,0.1457141,0.06575497,0.005894946
46697,1237651192428363913,21.88791,1.003121,1.668444,1.749056,2.884845,3.272664,1.376796,5.035616,2.67657,0.9567768,0.1422864
48948,1237651250947293406,14.25094,302.6602,1074.225,1993.544,2809.322,3665.806,0.00925711,0.005959552,0.004394478,0.002874992,0.0005872825
52413,1237651271883817175,15.2229,113.3202,440.8331,814.403,1117.724,1085.047,0.01747182,0.05901767,0.06075602,0.01318716,0.0009397879
3944,1237651735772070028,16.43885,22.77275,113.5194,265.7422,376.6337,524.8235,0.1590886,0.8247097,0.2745854,0.1112794,0.007635114
2019,1237651737391268200,16.07486,63.85113,214.2272,371.582,499.035,629.656,0.1097542,0.4508481,0.2077078,0.06897923,0.004695144
464,1237651752400060518,16.81984,30.02853,98.15085,187.0954,271.6894,330.9974,0.1520461,0.5160605,0.1411758,0.01743231,0.003796013
426,1237651754021093483,18.82235,2.340887,13.82326,29.58374,31.64328,33.25694,0.6468711,0.2689345,0.1355328,0.08949821,0.04378256
51256,1237651754545053750,14.00285,424.1365,1431.251,2505.293,3402.023,4117.875,0.02035303,0.06018843,0.02976653,0.01089998,0.0009861327
47328,1237651821641073021,15.79164,148.172,361.0846,482.3298,589.8663,621.3156,0.06566254,0.3332665,0.1419854,0.05988207,0.003740166
48639,1237653587408060429,14.01871,154.1951,1209.313,2468.981,3269.556,3008.935,0.009356069,2.572707E-05,2.156602E-05,4.082179E-06,6.82802E-05
52472,1237653614794178648,12.71045,629.3371,3687.176,8238.003,12427.09,15415.33,0.006943643,0.004856358,0.002104749,0.00110452,0.0002452488
50839,1237654381980483709,14.69127,216.4165,790.7156,1328.893,1607.787,1613.279,0.01261065,0.02752494,0.01659476,0.008677263,0.0006027556
52675,1237654599956496518,16.41024,38.79198,147.7827,272.8377,379.9107,465.8575,0.1803601,0.4937508,0.2374236,0.116706,0.01099063
48661,1237654601571106901,13.6892,560.0472,1852.425,3344.41,4762.063,5692.887,0.01809017,0.01570302,0.007448745,0.003496784,0.000962337
56169,1237654604797837662,17.28776,18.22465,83.59447,121.5896,139.9554,99.11144,0.102671,0.3605652,0.1720098,0.08604226,0.006907225
434,1237654605860765720,16.12016,62.92915,203.2091,356.3976,523.0244,635.9835,0.4804236,0.9840559,0.2570105,0.1858783,0.02481133
7549,1237654652569845828,16.60552,69.10754,171.6483,227.9245,287.5968,306.5368,0.4214546,1.580715,0.7414029,0.3434457,0.0212673
51553,1237654653103243340,13.98178,1137.803,1568.97,2554.4,2516.631,2232.462,0.001619714,0.0003684313,9.906331E-05,3.458918E-05,0.0001320776
50676,1237655106766766185,14.31212,291.0299,1273.611,1884.31,2152.357,2120.642,0.008794922,0.01392568,0.0198103,0.008680156,0.001352812
50925,1237655106766766185,14.31212,291.0299,1273.611,1884.31,2152.357,2120.642,0.008794922,0.01392568,0.0198103,0.008680156,0.001352812
51324,1237655107301277785,12.49121,2542,6515.291,10081.27,14651.34,18185.28,0.0002309701,0.0001623733,4.013537E-05,3.883438E-05,2.934344E-05
51325,1237655107301277785,12.49121,2542,6515.291,10081.27,14651.34,18185.28,0.0002309701,0.0001623733,4.013537E-05,3.883438E-05,2.934344E-05
49183,1237655107301277785,12.49121,2542,6515.291,10081.27,14651.34,18185.28,0.0002309701,0.0001623733,4.013537E-05,3.883438E-05,2.934344E-05
47558,1237655107301277785,12.49121,2542,6515.291,10081.27,14651.34,18185.28,0.0002309701,0.0001623733,4.013537E-05,3.883438E-05,2.934344E-05
47414,1237655107301277785,12.49121,2542,6515.291,10081.27,14651.34,18185.28,0.0002309701,0.0001623733,4.013537E-05,3.883438E-05,2.934344E-05
47007,1237655107301277785,12.49121,2542,6515.291,10081.27,14651.34,18185.28,0.0002309701,0.0001623733,4.013537E-05,3.883438E-05,2.934344E-05
47000,1237655107301277785,12.49121,2542,6515.291,10081.27,14651.34,18185.28,0.0002309701,0.0001623733,4.013537E-05,3.883438E-05,2.934344E-05
46778,1237655123937001520,13.19738,837.8964,3114.479,5260.755,6639.354,8236.429,0.000613048,1.482507E-05,4.983061E-06,3.026425E-06,2.427146E-06
47086,1237655123942375585,17.85203,19.04587,51.43194,72.30797,103.069,92.08327,0.2807629,0.8703681,0.4423777,0.1480795,0.01265443
46870,1237655126078062738,16.26729,58.95955,206.8051,311.2317,339.9385,357.7526,0.02489311,0.07492666,0.06943466,0.01109675,0.0009580984
51969,1237655126083502111,15.54615,123.6086,381.4763,604.7024,774.2568,872.1676,0.04231608,0.01661165,0.004569256,0.001404718,0.0009846631
50984,1237655348888141972,16.02021,110.1895,282.4899,390.7666,474.8302,521.0928,0.1659666,0.8552714,0.3481205,0.1404644,0.006768072
47956,1237655370354851900,20.03231,0.04514818,2.743503,9.70529,10.39515,12.13322,3.795604,12.61913,4.088424,2.104837,0.09695388
12857,1237655370906927186,14.46234,193.639,808.337,1640.833,2371.427,2989.788,0.03165451,0.01736413,0.007386209,0.00308478,0.001592357
47852,1237655374650999246,15.56489,112.7172,401.0824,594.3502,651.4041,594.542,0.02059515,0.09374264,0.09829533,0.01547212,0.0008275454
51065,1237655469670924584,14.88652,207.9577,612.4153,1110.176,1529.635,1707.711,0.02279336,0.07137626,0.03444359,0.01414818,0.001658227
54274,1237655500275384424,16.25221,76.93293,208.766,315.5835,407.3026,414.3404,0.1350975,0.7595087,0.337535,0.1348672,0.009281691
46330,1237655743483281567,15.33515,165.4211,474.48,734.4135,932.0567,1132.196,0.1003954,0.2485698,0.08518612,0.05737936,0.004678973
50157,1237655743486886197,15.58017,108.9826,334.4744,586.0488,829.6561,983.6379,0.06524555,0.06682149,0.005080301,0.002872539,0.002669679
47970,1237657400810471527,14.99372,165.7453,542.6536,1005.804,1372.936,1730.259,0.02913643,0.1228108,0.03969488,0.01164061,0.001620468
49506,1237657402419052703,14.30284,267.6118,1191.421,1900.484,2680.684,3546.43,0.01324643,0.05002874,0.0239048,0.010851,0.0008803594
51202,1237657590312206488,13.72806,361.0866,1948.046,3226.834,4503.366,5302.984,0.004751027,0.0004208209,0.0004041127,0.0001448011,0.000288388
52256,1237657590321381530,17.73259,29.99006,56.63083,80.71633,88.80057,88.29643,0.08301749,0.4538832,0.4688319,0.06758326,0.004056746
52274,1237657590857400524,15.77387,62.74239,267.3646,490.2909,701.1898,871.7624,0.06823242,0.009451514,0.004821066,0.002122812,0.001785067
49784,1237657590858252335,14.88349,239.961,702.5155,1113.284,1353.356,1529.254,0.0006961796,5.588239E-05,2.077119E-05,0.0001110094,1.53468E-05
52172,1237657591386210564,15.64618,118.2499,362.1969,551.4799,689.9567,665.8369,0.02725782,0.1148456,0.07183807,0.02057515,0.001925829
52586,1237657591931994192,12.0384,2647.86,8413.434,15298.14,20948.77,25781.44,0.004167019,0.003999172,0.001493422,0.0004337822,0.0001374353
52254,1237657606427246665,13.66714,349.9357,1743.523,3413.067,4706.962,6341.853,0.01339757,0.03440927,0.01780081,0.007809571,0.0009068997
47370,1237657613413449748,12.17506,2341.636,7414.272,13488.94,17582.16,18706.87,0.001170987,8.684499E-05,3.96489E-05,3.611054E-05,1.597038E-05
48679,1237657628441903272,14.67846,288.4969,777.5398,1344.667,1907.566,2443.194,0.0009046363,0.001464926,0.0003131349,0.000120091,0.0001001974
49791,1237657628978249855,19.95552,1.965359,6.924334,10.41678,12.89202,14.5853,1.20047,0.4247976,0.2283584,0.1361224,0.05711719
47005,1237657632189251797,16.09225,73.34926,230.9779,365.6809,416.6811,494.8523,0.06049775,0.07223069,0.05508043,0.02283069,0.003519397
53292,1237657770704437449,17.02961,38.39378,112.8467,154.2256,197.726,213.1808,0.193078,0.84241,0.4182129,0.1040664,0.007515563
52104,1237657771780866133,12.76791,1846.787,5592.861,7813.307,9238.274,8923.039,0.00198304,0.005751125,0.005742528,0.001215847,0.0001310954
52379,1237657772317606027,13.7576,450.8488,1690.888,3140.206,4605.335,5932.214,0.001915828,0.000462276,0.0003069192,0.0001109676,4.381786E-05
51979,1237657856601620747,16.51396,50.04085,153.82,247.9803,306.0034,258.8683,0.07272103,0.2071131,0.1684346,0.04030395,0.002191256
46820,1237657873257988107,13.07115,453.7421,2810.774,5909.351,8203.719,9353.964,0.005655585,0.006533103,0.00129329,0.0006278885,0.0002725514
52556,1237657873257988107,13.07115,453.7421,2810.774,5909.351,8203.719,9353.964,0.005655585,0.006533103,0.00129329,0.0006278885,0.0002725514
47073,1237657874865258512,19.98046,2.914283,6.803232,10.18017,11.29984,16.73808,1.340019,0.9649293,0.3918581,0.2378427,0.05954518
750,1237658298986463497,16.86615,37.21646,105.6545,179.2836,237.3672,267.403,0.1943704,0.6307947,0.2671134,0.1379682,0.01119672
53351,1237658298997932203,16.53902,50.64227,158.8882,242.3218,283.7403,282.399,0.04565749,0.125646,0.05358478,0.007010806,0.001610762
47962,1237658298998325342,13.07994,571.9376,3228.93,5861.702,7882.105,8839.957,0.005993259,0.009923814,0.005100191,0.001192906,0.0004354778
51406,1237658298998325342,13.07994,571.9376,3228.93,5861.702,7882.105,8839.957,0.005993259,0.009923814,0.005100191,0.001192906,0.0004354778
47596,1237658300057387659,16.94799,34.00274,114.0583,166.2659,189.7516,168.9136,0.1007098,0.2902941,0.1598418,0.0540796,0.007789918
50661,1237658312939798567,12.64625,1102.963,4448.363,8739.735,12355.32,16300.12,0.006055211,0.007434953,0.00167781,0.00096845,0.0001707491
54256,1237658492278472839,15.80533,62.27937,238.9594,476.2873,685.2538,906.4451,0.1118328,0.0269241,0.01199002,0.005058318,0.002145472
25735,1237658492796207399,15.32683,93.74269,388.3643,740.0627,1007.968,1293.9,0.06918351,0.3049284,0.1134135,0.04519149,0.002543814
48931,1237658611979321443,14.24104,298.6554,1075.668,2011.794,2828.003,3414.973,0.01552077,0.07350428,0.01840257,0.007420875,0.001004121
48697,1237658613587181630,15.2412,206.1685,538.5713,800.7897,1014.105,1206.841,0.121181,0.3187615,0.1691285,0.05479038,0.009096805
47468,1237658613588754615,16.28451,112.3196,231.7591,306.3348,321.3597,325.1118,0.1178086,0.5530952,0.2356925,0.09391075,0.007891607
46339,1237658801497505815,12.39325,708.3209,6137.018,11033.17,15730.96,21691.21,0.003928987,0.005318849,0.007341271,0.003268913,0.0003098044
49729,1237658802573410381,13.34967,730.1945,2500.182,4572.282,6115.547,6969.846,0.01095861,0.01445232,0.004969953,0.0023328,0.0006241865
52864,1237658802577604694,16.54896,58.06839,180.7599,240.1125,274.1456,371.1077,0.01886953,0.02280889,0.01126932,0.001579098,0.001491351
47863,1237658916919640139,13.10888,1500.281,3792.562,5707.545,6866.501,7519.878,0.007589768,0.001337998,7.399423E-05,2.234564E-05,1.45932E-05
50804,1237659133291200545,14.17034,595.4711,1482.364,2147.159,2570.125,3044.814,0.01054463,0.0102616,0.009721533,0.007083343,0.000882379
48188,1237659150997127314,14.65278,162.941,755.4156,1376.854,1868.348,2252.766,0.0181841,0.0580113,0.03802539,0.01692258,0.001194139
52744,1237659161195315216,16.97079,47.91582,97.28139,162.8107,191.0091,257.3763,0.08031636,0.06885091,0.05797027,0.02493394,0.003649443
47847,1237659162274037831,14.85382,177.8806,624.8015,1144.126,1568.672,1916.039,0.04787459,0.09434808,0.03990395,0.0219244,0.002309437
46782,1237659162278363596,16.35556,75.9062,202.6451,286.9308,340.9101,353.5426,0.1865608,0.8765969,0.1851195,0.1233595,0.006198875
32367,1237659162812875085,22.48495,0.01946158,0.3193137,0.999751,0.7041697,0.4106996,1.511306,12.7412,3.891222,1.440493,0.1966375
49225,1237659324416196732,13.70224,588.385,1781.198,3304.496,4457.394,5394.499,0.01981974,0.03945991,0.00787273,0.006393663,0.0008534071
49223,1237659325492559961,13.71757,561.0316,1832.066,3258.156,4521.696,5505.754,0.02045826,0.0445489,0.004566685,0.0007681791,0.000251542
47658,1237659326021107997,14.36624,200.0134,900.0108,1792.678,2550.853,3225.518,0.03856075,0.03890533,0.01207891,0.005344427,0.001457427
52039,1237659326029824332,17.03712,44.46108,116.1298,153.1625,198.7987,232.0968,0.01307531,0.003980411,0.003747956,0.001743518,0.0007907249
46683,1237659329779925259,13.64258,426.2814,1700.67,3491.138,4985.966,6850.89,0.002960523,0.0005056694,8.294413E-05,8.199457E-05,1.390459E-05
50091,1237660342859989060,13.68857,453.1548,1715.556,3346.345,4686.947,5930.856,0.01773144,0.03616687,0.009140505,0.007008838,0.0006875319
48317,1237660343397515472,13.55314,347.6338,1726.751,3790.912,5768.961,7811.828,0.001653191,0.0001673233,3.482044E-05,2.130109E-05,1.51325E-05
55297,1237660584445673789,17.85967,11.03022,50.43031,71.80077,97.14462,92.35677,0.2283702,0.8347344,0.1818116,0.0478564,0.005900795
53594,1237660613435916381,15.83637,46.03874,209.0455,462.864,693.6492,920.8823,0.09261509,0.05008063,0.01003628,0.003589388,0.002204977
46806,1237660613973049348,13.46083,672.1542,2464.656,4127.311,5482.457,7204.424,0.02320768,0.01529771,0.008100829,0.004446392,0.0007640016
51038,1237660635464138787,15.29559,118.625,447.3341,761.6678,984.3248,1402.539,0.04270864,0.1125802,0.04359465,0.02362432,0.001664954
47701,1237660636000157774,13.11954,677.106,2821.024,5651.763,7875.68,10179.37,0.008498142,0.001268745,0.0002864157,0.000167267,9.174633E-05
51576,1237660669813850219,14.97902,322.7023,890.733,1019.506,1119.828,967.7282,0.002709079,0.001650695,0.001590039,0.001535634,0.0004485564
437,1237660669820207227,15.76897,54.37337,238.6607,492.5046,711.9236,922.383,0.2090224,0.2058779,0.08067522,0.04684843,0.006090942
48324,1237660765373988975,13.05253,2227.392,3518.529,6011.568,5308.505,5529.496,0.004528817,0.001424736,0.00130967,0.0004149524,0.0001687132
49412,1237661063876509705,12.13941,651.5442,5660.313,13939.14,21028.49,27100.61,0.002307706,0.004047383,0.001123472,0.0004363195,9.529448E-05
51298,1237661068190941348,20.23017,-0.3621318,2.799406,8.087901,25.40908,22.58016,0.5136379,0.2835667,0.06805886,0.03798015,0.01426172
4585,1237661069236699379,15.24416,74.79784,380.0147,798.6106,1136.749,1490.303,0.1427773,0.006675278,0.001583335,0.0008125514,0.0004794191
47963,1237661070338555922,14.21155,513.9121,1175.569,2067.189,2982.182,3485.163,0.04915921,0.01539327,0.005003873,0.002583459,0.001472621
52385,1237661070869004319,14.31549,404.2542,1167.464,1878.462,2353.547,2660.187,0.02084186,0.01907252,0.007664118,0.005122836,0.00170866
51587,1237661124540956928,13.95667,340.2933,1413.17,2614.147,3720.536,4115.768,0.01788794,0.0009854217,0.0001705992,9.093049E-05,7.927079E-05
48864,1237661136883351559,13.89531,389.5955,1448.396,2766.146,3983.84,4603.401,0.02013793,0.03538891,0.01104541,0.0006463635,0.00199358
47234,1237661139033784476,13.63311,318.7331,1588.859,3521.741,5374.662,7062.764,0.007020527,0.0006456847,0.0001713306,8.138098E-05,6.124882E-05
47137,1237661149765107752,12.50558,900.6776,4546.566,9948.733,13846.61,15986.28,0.004154168,0.007159333,0.0003591585,0.0004147725,0.0002248057
46999,1237661352167997454,12.11827,1183.396,7155.049,14213.26,20907.2,23435.23,0.001174043,0.001445881,0.0002671837,0.0001143968,9.719965E-05
46598,1237661352167997454,12.11827,1183.396,7155.049,14213.26,20907.2,23435.23,0.001174043,0.001445881,0.0002671837,0.0001143968,9.719965E-05
50714,1237661357005406410,16.36314,63.29402,210.9346,284.9339,352.4347,301.7931,0.05270292,0.1456776,0.1402742,0.04016074,0.002374101
51980,1237661358074822722,14.07681,281.2372,1266.97,2340.318,3278.764,3872.314,0.02417247,0.04018972,0.02683153,0.01265911,0.001593435
52796,1237661358620475489,16.89518,34.57986,106.5641,174.5533,227.1066,214.4566,0.1458668,0.8906218,0.6108409,0.1251591,0.008087919
51018,1237661361296965738,15.70412,109.0453,316.672,522.8179,710.8115,825.7628,0.1215258,0.4358588,0.1687362,0.06861118,0.005058857
51865,1237661382768263296,13.61907,828.593,2084.406,3567.564,4943.811,6074.321,0.0009148921,0.005018396,0.00763411,0.0006354901,0.0005057188
53670,1237661386010788068,16.57582,41.5325,137.2489,234.2448,319.9884,400.4938,0.1882351,0.2011539,0.1181114,0.1203184,0.007293995
48790,1237661386540187877,14.67503,246.8506,813.3423,1348.92,1847.002,2232.667,0.0266925,0.02942515,0.03287587,0.01985668,0.002466053
50822,1237661386543202606,16.51666,26.64547,125.5671,247.3635,351.7936,436.6546,0.1991138,0.8887053,0.3398287,0.1220507,0.009191511
52286,1237661388152045723,15.62854,116.1938,361.009,560.51,668.4067,772.1082,0.08415549,0.1831221,0.04554321,0.00795674,0.002465185
49624,1237661388674170919,14.035,217.6309,1267.963,2432.215,3397.57,4150.107,0.01573604,0.06633536,0.03285015,0.01437942,0.001855198
49234,1237661388674170919,14.035,217.6309,1267.963,2432.215,3397.57,4150.107,0.01573604,0.06633536,0.03285015,0.01437942,0.001855198
47851,1237661388690161706,13.50681,608.1178,2104.365,3956.164,5356.079,7268.195,0.007326309,0.0003661449,0.0001815461,0.0001502888,0.0001743076
48914,1237661417665527850,12.51554,1775.339,4534.416,9857.862,14431.86,20485.91,0.0003338827,0.0009316875,0.0002106356,0.0001240269,5.556514E-05
50718,1237661433771261955,13.28869,542.3871,2295.601,4836.415,7321.638,9562.352,0.0145394,0.005082496,0.0007198836,0.0001840966,0.0001914889
47172,1237661433775456273,13.30354,579.3856,2441.77,4770.708,6748.806,9927.859,0.01073601,0.001050315,0.0001170574,2.739555E-05,5.885026E-05
52623,1237661434320519301,12.39314,1452.861,5750.757,11034.28,15082.73,18056.07,0.003341799,0.0005192189,0.0002290543,0.0002430468,0.0001556447
48376,1237661434320519301,12.39314,1452.861,5750.757,11034.28,15082.73,18056.07,0.003341799,0.0005192189,0.0002290543,0.0002430468,0.0001556447
50805,1237661463848616123,13.56252,528.1256,2002.201,3758.297,5057.463,6108.253,0.006657049,0.003640616,0.001357723,0.0004808704,0.0003256137
48587,1237661811729760293,13.00824,818.7309,3667.691,6261.893,8766.135,10494.62,0.003785914,0.005198767,0.003726662,0.002911769,0.0005703685
51283,1237661812804354109,13.30426,516.0493,2692.911,4767.565,6016.628,6714.387,0.002298378,0.006676147,0.002144405,0.003690193,0.000198287
3010,1237661813878358109,16.02552,62.03078,207.9798,388.8573,554.7033,697.6805,0.2362045,0.7146859,0.2385854,0.1068287,0.01275301
49634,1237661850393772132,17.30374,28.12257,95.54469,119.8134,141.6659,148.2321,0.1132811,0.2934719,0.3550815,0.1169926,0.01111567
51037,1237661850928676965,21.06643,0.4033369,3.305289,3.740959,4.655711,4.575694,1.788023,2.994848,1.242615,0.759739,0.1272046
52289,1237661851480293512,14.41931,247.8346,1163.452,1707.171,3038.92,2176.65,0.007933173,0.0437458,0.02038385,0.0003157262,0.0005952542
50782,1237661871871754254,12.84833,699.6713,3946.968,7255.539,10046.83,11834.81,0.004581602,0.008256778,0.003860806,0.001362235,0.000554836
51364,1237661874014191709,17.7379,15.08978,55.37402,80.32312,100.6263,120.0297,0.459603,2.517626,1.396094,0.4263997,0.03258609
52480,1237661949197091241,16.6284,61.97784,147.4746,223.1722,213.2655,234.1841,0.02228294,0.1011667,0.07658371,0.02112156,0.002172132
47948,1237661950247501918,13.25974,632.4888,2925.126,4967.11,6275.014,7717.936,0.00380786,0.005376633,0.002639974,0.002935123,0.0004837677
50703,1237661958829441105,13.51163,730.24,2152.564,3938.636,5234.362,4701.205,0.005665464,0.02621356,0.0099681,0.004287076,0.0002521335
51410,1237661966896529457,17.25584,126.9558,163.3023,125.2175,98.87244,76.15231,0.9085715,4.566741,3.987026,2.699786,0.2167943
51300,1237661970112577674,15.50914,64.80639,295.2508,625.671,938.4592,1251.787,0.0215814,0.03327539,0.01204969,0.005021195,0.003197229
51424,1237661970659278996,12.79111,1969.991,4217.623,7648.139,10989.29,16106.09,9.720453E-06,6.363955E-05,1.951475E-05,1.530084E-05,4.039456E-06
48638,1237661970659278996,12.79111,1969.991,4217.623,7648.139,10989.29,16106.09,9.720453E-06,6.363955E-05,1.951475E-05,1.530084E-05,4.039456E-06
11381,1237661971186319443,18.25425,10.14099,31.17653,49.92266,60.77442,60.25222,0.4411959,2.779206,1.133125,0.5977665,0.03549366
49590,1237661971722666282,16.67028,58.62095,153.2914,214.7279,257.7382,236.9561,0.06312022,0.3750349,0.1487679,0.07802106,0.004219449
52452,1237661972268843030,13.96366,453.8067,1454.248,2597.381,3527.714,4245.039,0.05072825,0.0327915,0.01661709,0.009609651,0.002881924
50980,1237661972796670205,16.54402,41.89739,122.6347,241.2081,336.4737,402.9659,0.1116837,0.5550308,0.2345525,0.1140115,0.008901338
12448,1237661975474405466,16.38794,75.1323,197.0076,278.4992,310.9602,295.8181,0.03003848,0.1543936,0.1463875,0.03157986,0.001945153
47298,1237661976010293410,17.05656,92.20428,147.9386,150.4436,153.9433,77.23441,0.07835299,0.00360784,0.0003864762,0.0002313543,6.751331E-05
46636,1237662193461493802,13.27744,767.4514,2649.6,4886.774,6871.224,8676.246,0.01383902,0.02657821,0.004783568,0.001750874,0.000385693
49502,1237662194530254936,13.31922,857.3987,2872.387,4702.31,5988.533,7953.649,0.03957585,0.01762226,0.005717319,0.002762511,0.001537848
50673,1237662195608453155,14.38809,247.7898,1072.282,1756.964,2308.064,2514.264,0.0007326709,0.004281934,0.0009186738,0.0003827265,0.000198539
49627,1237662198817947903,14.25909,428.5177,1251.677,1978.627,2676.786,3338.132,0.02347961,0.068506,0.03709082,0.01527045,0.001067845
13412,1237662199354228914,16.30698,81.45021,201.8586,300.0609,370.3831,434.454,0.04233704,0.2189985,0.1961376,0.03655269,0.001910256
50972,1237662223523315810,13.19607,453.2504,2339.094,5267.083,8114.92,10795.71,0.0003428244,1.739882E-05,3.881836E-06,1.662977E-06,1.011374E-06
50041,1237662224078078179,13.63316,227.1189,2420.242,3521.58,4549.125,3990.151,0.002013446,0.005965438,0.005346137,0.00285504,0.000240328
23993,1237662224089612512,16.72928,37.4571,115.9009,203.3712,253.0406,287.2635,0.082099,0.4009216,0.1687333,0.05787108,0.004070935
46774,1237662224593977483,15.47595,121.0238,364.9045,645.0869,913.3501,1299.103,0.001125908,0.002514441,0.0009230893,0.0009083188,0.0001891072
51768,1237662224615342095,13.80241,438.9337,1496.646,3013.243,4131.092,5053.809,0.002133366,0.006639444,0.0005104565,0.0002762027,9.020885E-05
47850,1237662225149722680,11.89832,2208.525,7828.697,17404.94,27413.53,34503.08,0.0005589307,2.781137E-05,1.647271E-05,2.242377E-05,1.121253E-06
46381,1237662226202755144,13.44008,125.9236,2142.349,4206.971,5331.737,3773.208,0.002446495,0.005183237,0.004167611,0.001256106,0.0001642075
48335,1237662226202755144,13.44008,125.9236,2142.349,4206.971,5331.737,3773.208,0.002446495,0.005183237,0.004167611,0.001256106,0.0001642075
50765,1237662226214748372,17.58476,0.2188254,72.08595,92.48974,110.5138,126.1407,0.03799423,0.2078877,0.1971996,0.04772957,0.00389802
46368,1237662236393406482,13.2017,324.5978,2315.748,5239.851,7663.178,9601.755,0.004283254,0.0008076294,0.0001554404,6.583318E-05,4.379777E-05
345,1237662236411363574,16.59179,66.23382,162.8554,230.826,274.1802,312.9544,0.1671608,0.4616886,0.2369999,0.158963,0.01580226
49586,1237662237470621967,13.90737,470.263,1549.013,2735.6,3726.386,4435.769,0.007966436,0.0204974,0.004965735,0.003109047,0.000539685
50214,1237662238024401178,16.59816,37.54933,111.43,229.4751,337.5829,388.1796,0.1070931,0.7199067,0.2620902,0.1367873,0.008586363
51070,1237662238542725260,14.01216,444.2668,1442.847,2483.914,3394.265,4209.284,0.002311091,0.001756078,0.0006044398,0.0004504718,0.0003633239
50717,1237662238544822287,15.60545,140.7066,435.3184,572.5574,692.4268,640.8102,0.03177853,0.1428936,0.06469167,0.02491994,0.002485182
47324,1237662263773888530,12.71457,454.2627,3589.232,8206.761,11551.1,12744.08,0.00261702,0.001219899,0.0001876392,0.0001300533,0.0003269639
50154,1237662264324850001,14.57395,163.8665,733.7325,1480.545,2072.289,2547.956,0.02415897,0.04392612,0.01458339,0.01253313,0.001094194
46641,1237662266459488385,13.86035,401.0679,1383.684,2856.658,3778.883,4269.146,0.009039693,4.856489E-05,4.173505E-05,2.188056E-05,4.646616E-05
50233,1237662266463945474,17.62389,13.41922,49.99865,89.21603,98.37931,89.1197,0.1193337,0.4213143,0.281759,0.02839275,0.00428397
50229,1237662268069249280,14.46382,226.4034,925.5599,1638.593,2249.899,2426.982,0.01631743,0.05135971,0.0201432,0.01197697,0.0007082027
26342,1237662301901160619,15.55204,49.02125,300.8829,601.4305,886.6961,1119.261,0.07771216,0.04369441,0.01617072,0.007437466,0.004893463
48670,1237662301901422604,13.52844,382.125,1904.264,3878.131,5721.781,6648.389,0.02559588,0.009366499,0.001674618,0.0006868737,0.000793458
52499,1237662302988271921,14.74553,257.1671,769.8651,1264.12,1683.55,1945.76,0.0376264,0.06440566,0.04160988,0.02208683,0.002456197
46298,1237662336256704656,14.54061,165.8859,726.1355,1526.705,2251.906,2663.325,0.03567114,9.449928E-05,1.449456E-05,2.212068E-05,3.148395E-05
26069,1237662337861877949,16.54339,43.49356,160.6352,241.3481,301.7512,376.4723,0.1028031,0.05670204,0.04647228,0.05511793,0.005531405
48605,1237662499999908260,15.55742,97.57468,359.9339,598.4581,771.5721,883.8091,0.03635284,0.1278682,0.05168915,0.02212004,0.001438247
52016,1237662504295530810,14.41994,161.6229,998.6153,1706.18,2398.046,2210.527,0.009230959,0.006181111,0.002854077,0.002239959,0.0004664987
50152,1237662530067366031,16.83879,37.0248,124.0428,183.8582,230.1243,234.7325,0.07620709,0.4178292,0.2122632,0.07576972,0.004020356
54661,1237662619189903755,15.62906,97.95724,357.764,560.2408,699.5021,755.1647,0.04584226,0.182039,0.1183526,0.04233272,0.002899671
50262,1237662620261810489,16.68507,61.59922,139.6103,211.8216,256.2234,296.9025,0.1014662,0.673379,0.1262548,0.09108005,0.006384151
50200,1237662635834081641,17.18447,34.15457,94.11761,133.724,163.519,181.8177,0.3735419,1.123179,0.5801356,0.2476145,0.01851822
50998,1237662637444694216,14.53074,517.9684,1160.481,1540.657,1709.504,1580.959,0.007590215,0.01228756,0.01046654,0.008198977,0.000604054
52595,1237662638516797447,13.41999,613.05,2140.93,4285.506,6222.774,8024.454,0.0125357,0.01317727,0.001951016,0.0006551634,0.000301062
51938,1237662640658317694,14.63749,55.68856,641.7855,1396.386,2127.764,3001.285,0.01394756,0.003803687,0.001001398,0.0005012844,0.000238273
46312,1237662662139314260,14.44408,387.1441,1065.3,1668.665,2075.683,2468.049,0.05069107,0.02474534,0.01428332,0.01006597,0.002442309
48771,1237662662680707125,13.57963,231.3924,1492.165,3699.554,5698.875,7995.666,0.02253451,0.0001578495,8.366621E-05,5.66483E-05,7.419691E-07
51397,1237662683070332999,13.8726,291.7392,1358.438,2824.624,4047.939,4861.724,0.03935179,0.08929463,0.03072803,0.007926975,0.001602852
46329,1237662695960805567,15.86807,84.7295,279.5024,449.545,534.8447,451.6662,0.01266562,0.0006777553,5.775191E-05,1.684892E-05,1.43397E-05
47801,1237663787417534648,13.9757,264.6314,1191.772,2568.734,3701.217,4564.71,0.01851522,0.03115972,0.01721448,0.0087579,0.001265699
15099,1237663918413381815,15.89847,59.39925,225.7294,437.1327,641.5051,771.7106,0.03998024,0.01101066,0.004166434,0.003267582,0.002048078
53407,1237664092365979665,16.35067,72.21636,190.327,288.2254,398.4683,449.0586,0.6264521,2.025415,0.9347645,0.4277013,0.04296876
52206,1237664093439852639,13.84265,-86.46252,1757.272,2903.625,5792.39,2691.268,0.0001809007,2.766407E-06,1.541644E-06,8.60839E-07,1.781658E-07
48281,1237664094508089383,13.13267,1018.446,2716.739,5583.805,8027.1,6170.02,0.0008092698,1.318576E-05,1.787898E-05,1.148022E-05,3.957759E-06
47763,1237664106313416804,13.16493,588.9371,2563.731,5420.347,7898.569,9415.422,0.0150532,0.01903332,0.01181546,0.005506697,0.0009280275
48456,1237664130480406627,13.31189,682.5649,2383.871,4734.151,6366.474,8216.377,0.01954097,0.008281286,0.001841911,0.001276247,0.0003000792
3056,1237664132629725338,15.58956,74.34249,296.355,580.9988,813.9449,1056.487,0.1839415,0.3394736,0.1131797,0.04562991,0.004626456
51879,1237664336642113577,13.57646,554.5456,1995.286,3710.344,5335.18,5836.405,0.009978488,0.0001456646,4.287272E-05,1.617288E-05,2.282833E-05
49571,1237664667369144475,14.84311,193.9656,641.4003,1155.463,1654.885,1923.989,0.05213588,0.1204398,0.07114352,0.02362547,0.002046755
46837,1237664668973531242,11.12008,5491.199,19386.5,35642.34,50280.06,55032.7,0.0001576644,0.0001122457,6.319251E-05,5.389744E-05,1.222236E-05
52160,1237664668973990023,15.5214,101.359,346.8995,618.643,804.2296,948.7359,0.01832407,0.0180107,0.00727353,0.007584986,0.002432171
52255,1237664669511581715,13.58179,527.5314,2061.437,3692.185,4969.938,5112.064,0.005908564,0.002764269,0.00175692,0.0008599967,0.0001910476
48018,1237664670054744099,13.25597,693.4686,2968.917,4984.41,6360.899,7237.823,0.004798518,0.0003502017,0.0001447533,9.978622E-05,4.673068E-05
49532,1237664670054744099,13.25597,693.4686,2968.917,4984.41,6360.899,7237.823,0.004798518,0.0003502017,0.0001447533,9.978622E-05,4.673068E-05
51696,1237664671641501838,15.80066,74.16,320.7607,478.3391,574.5099,571.0582,0.02051282,0.02512947,0.01187801,0.004200378,0.00135647
50901,1237664672178700315,13.51589,298.1085,1883.122,3923.239,5367.889,6755.273,0.008034873,0.002096668,0.0002430676,0.0001738688,9.035118E-05
49605,1237664672718061617,12.77684,1034.786,3821.364,7749.293,11223.7,14253.41,0.006340168,0.001183611,0.0005948857,0.0003354205,0.0001869406
49862,1237664818747146309,13.56454,947.0292,2409.717,3751.308,4683.712,5408.499,0.003716173,0.007056847,0.002655282,0.002884269,0.0004607997
15399,1237664820361429088,15.71461,105.3579,325.9829,517.7933,682.3047,783.3431,0.04330411,0.08826898,0.03359858,0.01851242,0.003347858
49189,1237664836467752982,14.33843,300.5935,1030.687,1839.189,2476.277,2611.202,0.01456231,0.001147936,0.0003728517,0.0002134216,0.0001832822
46725,1237664844511117407,21.80666,0.009133954,0.9820698,1.886198,7.670301,2.387652,2.166345,5.908733,1.970418,0.6060866,0.1688584
210,1237664852031832119,15.92106,134.0998,307.2719,428.1317,530.9556,553.6156,0.1752943,0.6369277,0.2813141,0.1187199,0.009018575
57787,1237664852031832119,15.92106,134.0998,307.2719,428.1317,530.9556,553.6156,0.1752943,0.6369277,0.2813141,0.1187199,0.009018575
48969,1237664853104263198,20.1768,4.666709,14.11154,8.495612,10.52645,18.6555,0.3442526,0.1728218,0.1032068,0.08815393,0.02381597
212,1237664854724116699,15.69168,112.5747,331.2003,528.8437,698.1917,822.7266,0.05534764,0.2909908,0.1355199,0.0508919,0.003699061
51944,1237664870287736928,13.73233,578.8319,1959.783,3214.168,4120.494,4867.017,0.01823034,0.02832822,0.02411306,0.01813349,0.001749993
52612,1237664871360299284,14.84767,24.82723,392.9845,1150.624,693.7347,239.8354,0.007405375,0.00467929,0.02482689,0.001261369,0.0004310057
15194,1237664878337458347,16.14446,58.46379,213.8594,348.5101,463.7861,520.7079,0.04155197,0.2193223,0.1137479,0.03628739,0.003974284
50879,1237664878338703379,13.6995,376.8362,1809.088,3312.839,4627.118,5875.688,0.01146933,0.002833321,0.0003660923,0.000134697,0.001373427
49067,1237665016311709833,20.646,0.737457,5.432388,5.513083,7.256314,6.939619,1.745112,0.4333537,0.3712442,0.1638402,0.07312199
48327,1237665016313806952,16.28444,73.42959,219.169,306.3552,377.4053,367.8466,0.06604274,0.2314644,0.1232542,0.05122491,0.003327562
49180,1237665016313806992,14.2788,337.8304,1205.459,1943.041,2578.698,2862.885,0.01108305,0.009313378,0.004013491,0.001678953,0.0006385343
1804,1237665023838585027,16.88382,37.88956,120.1164,176.3887,207.8149,204.5228,0.07944468,0.229775,0.1560826,0.03910896,0.004204102
50688,1237665024374866095,14.50768,421.7212,1076.813,1573.719,1994.686,2255.879,0.02396905,0.06180779,0.03801515,0.01927512,0.001966702
49237,1237665024374931478,13.27428,449.0987,2459.165,4901.019,7045.529,8757.933,0.01214017,0.002142093,0.001124931,0.0005112527,0.0002618049
49228,1237665025440481351,16.67767,52.89236,140.1913,213.2715,266.0406,324.9706,0.4190348,1.279504,0.6356604,0.2865206,0.02281165
48971,1237665097390817477,15.69091,139.5163,394.7795,529.2192,549.1101,352.6117,0.01901609,0.003503891,0.0005794689,0.0002079031,6.059092E-05
49986,1237665101139869764,12.7953,1305.84,3888.006,7618.655,10371.42,11501.58,0.002313236,0.007228366,0.005698793,0.001867056,0.0002989918
47492,1237665101147275460,14.45504,289.9427,1063.254,1651.899,2122.052,2242.031,0.00984767,0.01969534,0.01299054,0.008599983,0.0008274096
51659,1237665102745632788,13.41028,367.118,1963.279,4324.017,6397.215,7264.926,0.008230628,0.01020417,0.01084909,0.006757796,0.0005766891
51497,1237665102746419214,13.08382,602.7227,2579.363,5840.81,8191.43,10744.86,0.0007100932,0.0005611946,6.707116E-05,3.488398E-05,2.213318E-05
50261,1237665102750875772,15.94831,82.48056,273.3974,417.5195,533.133,610.3967,0.07566387,0.2391189,0.1955419,0.08017152,0.005536005
47339,1237665102759329835,14.84071,614.2073,874.9095,1158.018,-104.4224,-2595.592,0.0001608323,1.891593E-05,6.813505E-06,5.354283E-05,2.70121E-05
52273,1237665128003076222,16.64407,81.90263,182.9586,219.9749,255.3155,288.9391,0.05510676,0.1905157,0.1437625,0.0575439,0.003309844
51860,1237665128549384425,13.82336,517.1327,1784.638,2955.659,3901.22,4858.959,0.02140704,0.006738636,0.0008936622,0.0003385466,0.0002257423
51407,1237665128549384425,13.82336,517.1327,1784.638,2955.659,3901.22,4858.959,0.02140704,0.006738636,0.0008936622,0.0003385466,0.0002257423
51068,1237665128563277867,17.15092,9.02522,90.26953,137.9208,163.3902,152.7385,0.02031561,8.766559E-05,7.067189E-05,2.206744E-05,0.0002068318
3915,1237665225696346203,16.03327,55.70914,165.931,386.0937,603.537,859.5757,0.02677192,0.2796919,0.06780594,0.01775068,0.002530844
53374,1237665225700147356,14.42147,193.1444,833.7148,1703.769,2371.568,2895.498,0.02300881,0.0441979,0.04110454,0.01036333,0.002204171
46810,1237665225704013914,12.07029,1113.043,7658.839,14855.41,22328.51,26849.99,0.001628343,0.0003345051,5.264929E-05,0.0005886249,0.000149305
51681,1237665226229940380,14.9232,141.773,730.4891,1073.297,1109.068,1096.398,0.01638676,0.07251072,0.07542396,0.01606079,0.001253137
47909,1237665226766549012,13.16401,1732.915,4051.961,5424.967,5980.315,6233.638,0.0006620027,0.0006987219,0.0007782957,0.00073327,0.0001270896
46793,1237665226766549012,13.16401,1732.915,4051.961,5424.967,5980.315,6233.638,0.0006620027,0.0006987219,0.0007782957,0.00073327,0.0001270896
49542,1237665227311677577,15.38772,233.4834,515.4686,699.6992,831.2141,831.7853,0.04763402,0.1531303,0.08061753,0.01394441,0.002162341
47412,1237665328772481039,13.82456,501.8738,1625.065,2952.415,3990.036,4908.692,0.009527224,0.0008128873,0.0002044393,0.0001356511,0.000100463
48882,1237665328772808730,14.05517,268.924,1205.691,2387.435,3288.765,3806.415,0.01787692,0.005113762,0.001044838,0.0004461487,0.0006121279
1464,1237665329316298928,16.34644,37.17,154.6096,289.3497,399.5046,499.5215,0.1527344,0.01667204,0.02104622,0.01524123,0.006160258
49209,1237665329320755213,19.05717,29.5561,58.58538,23.82993,3.681565E-05,0.0001707558,0.1573363,0.03236993,0.006788863,0.1113723,0.01465638
37,1237665330392268979,16.00054,57.79485,289.8477,397.9104,365.166,227.4242,0.01211324,0.02161896,0.04201692,0.005848842,0.0005445918
50771,1237665330393448510,13.77806,282.8972,1498.203,3081.593,4486.118,5938.491,0.009454618,0.002822543,0.0005364041,0.0005828257,0.0001084247
47849,1237665355622383918,14.65499,308.1089,995.8531,1374.051,1743.414,1941.906,0.01539937,0.03781558,0.03147635,0.0137492,0.001009775
48305,1237665367964385396,13.28722,537.0262,2029.02,4842.981,7461.491,9770.427,0.0002990516,0.00208258,0.0001775876,4.477258E-05,1.199558E-05
48715,1237665428090781711,13.00347,1033.16,3665.961,6289.421,8783.502,10119.37,0.005563563,0.00376253,0.0004091634,3.392307E-05,0.0001564109
49551,1237665428098449571,14.06649,468.0341,1220.532,2362.669,3395.986,4100.874,0.0009552262,0.007132113,0.004945072,0.001631156,0.0003901924
46355,1237665428645937517,16.45929,22.02615,126.7702,260.7863,372.0692,457.8086,0.3134694,0.02010388,0.003581021,0.001484907,0.003425664
46804,1237665429167145128,15.46247,183.8054,479.6041,653.1476,762.7521,950.6907,0.02339044,0.05911392,0.03617593,0.01896243,0.0012432
47839,1237665429181956263,21.30251,1.480748,3.450928,3.008192,3.121904,1.249976,1.77415,3.219941,1.566326,1.026315,0.06456899
47843,1237665429705981982,14.6074,252.9655,889.0457,1435.621,1874.797,2153.438,0.01463022,0.02775254,0.03256086,0.03269866,0.004369808
907,1237665440441892998,15.21525,92.55865,406.0991,820.1644,1165.523,1489.82,0.193284,0.2012702,0.05373013,0.02330772,0.007340616
51723,1237665440976207963,13.07846,1100.502,3044.777,5869.71,8161.242,10446,0.000792413,0.0009656752,0.0001316482,0.0002419039,7.164125E-05
50654,1237665441528086665,13.50601,652.8793,2482.549,3959.095,5231.761,5791.196,0.00348349,0.008607518,0.005980938,0.002875591,0.0002193428
46885,1237665442070659222,15.87831,71.44841,292.0333,445.3223,541.5522,380.1907,0.02104342,0.0540521,0.03845177,0.01191433,0.0006103526
49610,1237665442071839222,15.73851,65.63393,341.7139,506.5171,620.0311,468.3197,0.01719293,0.01801551,0.006093828,0.002994421,0.0007666398
47764,1237665442592522271,14.36426,344.8438,979.3876,1795.958,2009.287,3035.577,0.00892351,0.01298606,0.001008084,0.0004371214,0.0002971365
51440,1237665532245115130,14.60775,184.7361,723.6682,1435.163,2164.445,2794.815,0.003784343,0.002430304,0.001447234,0.0002653821,0.0005089684
49021,1237665532791029774,17.91306,40.15106,57.28433,68.356,65.89507,57.94257,2.860152,6.525561,5.067221,1.493199,0.1871908
52482,1237665533333209139,14.8167,196.688,724.3964,1183.91,1557.034,1833.194,0.050179,0.06645282,0.04201483,0.01649027,0.002583502
48984,1237665536540868935,14.68854,357.4573,958.7416,1332.243,1640.76,1639.615,0.009921322,0.001925794,0.001110177,0.0006783014,8.856785E-05
48027,1237665549963296916,13.50512,481.5491,1970.23,3962.33,6183.998,7743.868,0.01133072,0.002853876,0.006569607,0.0002108374,9.637987E-05
52061,1237665567154831489,14.10541,397.1317,1280.429,2279.483,2855.87,3147.338,0.01690664,0.002445818,0.00238463,0.001842851,0.001320933
52045,1237665567691309503,15.47305,93.32509,342.0532,646.8152,925.9243,1151.772,0.06430896,0.1625906,0.03770405,0.0213654,0.006632206
51338,1237665567691833440,14.48751,183.299,798.8087,1603.226,2287.201,2719.174,0.03774757,0.0003936017,9.418353E-05,6.256982E-05,7.062344E-05
50228,1237665567692751540,17.79754,27.21488,53.7304,76.02932,92.45225,79.61562,0.08467743,0.7410579,0.7496594,0.1396144,0.009815306
48642,1237667106889793846,13.30081,620.9966,2217.504,4782.741,6958.687,8090.675,0.002025904,0.01092783,0.0008674638,0.0005416343,0.0001619186
47609,1237667106889924685,13.79547,310.3544,1604.829,3032.58,4162.993,4121.843,0.007046179,0.01126951,0.009758157,0.004842563,0.0003700797
46290,1237667109574410329,13.83911,349.6117,1500.511,2913.098,4116.019,5004.099,0.01692044,3.196689E-05,7.423076E-06,0.0003876365,0.0007425351
50123,1237667210507911184,13.38616,644.9701,2585.489,4421.159,5885.796,6567.566,0.01489338,0.02774473,0.008972587,0.00277777,0.0006364234
52516,1237667210528358554,12.88118,941.9471,3956.503,7039.311,9937.915,11412.81,0.006680792,0.007813364,0.002348155,0.0004186473,0.0001764454
47580,1237667212128747649,14.79716,75.04712,575.8903,1205.418,1842.129,2462.917,0.004160654,0.0004737433,0.000249891,0.0001505462,9.598387E-05
52200,1237667252935590043,15.25416,193.9867,543.9963,791.2897,990.9681,1098.339,0.05071159,0.1388585,0.0795403,0.02864628,0.002269748
48112,1237667253471608906,12.5154,1507.52,5167.796,9859.158,12877.33,15692.15,0.006961045,0.01282754,0.005134917,0.003629756,0.0005664742
49644,1237667321650872429,14.19262,419.3514,1220.76,2103.538,2684.11,3253.006,0.0304796,0.04454003,0.02454404,0.01300699,0.001620174
51359,1237667322721665101,19.04869,14.71592,23.37834,24.01657,34.30971,29.46363,4.337288,15.8322,7.838789,3.097558,0.2259561
3632,1237667322722386092,15.66773,89.63998,292.6934,540.6379,745.6878,975.4408,0.2773024,0.4716128,0.1549198,0.05483584,0.007218971
48982,1237667323247132737,13.70998,765.0692,2146.893,3281.021,4326.897,4442.435,0.01159551,0.02067515,0.01711687,0.005883524,0.001039982
49459,1237667323247132737,13.70998,765.0692,2146.893,3281.021,4326.897,4442.435,0.01159551,0.02067515,0.01711687,0.005883524,0.001039982
48462,1237667323254931478,14.03492,765.0826,1922.901,2432.384,2372.897,1918.297,0.01073154,0.0006340516,0.0001685299,7.821722E-05,2.394016E-05
50120,1237667323254931594,12.8527,1098.321,4353.555,7226.35,8621.389,10626.37,0.003094464,0.002850907,0.002723396,0.001722952,0.000221348
50042,1237667323254931594,12.8527,1098.321,4353.555,7226.35,8621.389,10626.37,0.003094464,0.002850907,0.002723396,0.001722952,0.000221348
51945,1237667323260764250,15.03458,281.1324,685.8449,968.6561,1162.802,1295.347,0.08864393,0.1873991,0.1063297,0.07238295,0.005207032
46292,1237667323796848698,13.71439,352.7607,1652.729,3267.711,4648.412,5813.587,0.05020467,0.09094537,0.03618793,0.01491013,0.001909237
3642,1237667323799470206,15.7141,43.38108,232.7484,518.038,767.9178,1067.011,0.004793079,0.0009013155,0.0004212019,0.0002785129,0.0002702
46587,1237667324321857547,13.34206,746.6614,2916.692,4604.435,5799.406,6430.258,0.006807285,0.000459253,0.0001602628,4.409194E-05,1.801065E-05
49111,1237667324325527600,13.89068,909.9537,2100.964,2777.964,3270.755,3736.732,0.01670509,0.02075783,0.01079366,0.006016583,0.0009638917
46341,1237667324334440540,15.31939,182.2306,481.5546,745.1491,942.0977,1044.925,0.05683444,0.1101906,0.04003139,0.01984345,0.003001222
46152,1237667324334702748,13.21433,441.3366,2564.553,5179.272,7621.911,10242.72,0.01791999,0.003521629,0.001338922,0.0006918393,0.0001900922
47947,1237667429017518246,14.36226,220.9643,1154.424,1799.269,2158.05,1933.054,0.006954258,0.01667472,0.00932923,0.004073019,0.0004343231
501,1237667429032067112,17.66146,20.77534,59.26163,86.18172,112.146,139.116,0.5060266,1.729398,0.6773211,0.201487,0.0123519
47438,1237667430632063050,12.66124,713.6254,5299.923,8619.932,12338.05,15430.77,0.001665417,0.0001926067,2.813461E-05,1.547584E-05,1.046275E-05
48972,1237667431176470548,13.42087,614.6135,2295.794,4282.067,6113.396,7188.366,0.002910607,0.008512093,0.002908771,0.0003426337,0.0002055286
49631,1237667441902026880,14.91585,198.7302,657.9732,1080.591,1473.983,1736.6,0.0499311,0.1266674,0.06618012,0.02241666,0.002054069
48244,1237667442434965567,13.29826,459.4597,2261.428,4793.997,6983.028,9027.596,0.01980373,0.001289124,0.0004202195,0.0002452044,0.0001789884
52940,1237667442969804912,16.21944,57.4098,186.2081,325.2556,434.2802,537.8182,0.04661149,0.07449815,0.02262255,0.01002517,0.003319412
541,1237667442970722587,17.85896,12.65562,46.5814,71.84806,98.34633,127.3381,0.2275543,1.170342,0.456214,0.1635804,0.00882686
46417,1237667442974785639,14.46699,181.4485,752.3066,1633.82,2448.182,3119.837,0.01926467,0.01851526,0.002551708,0.001749852,0.0006862275
46331,1237667444048461861,14.39776,209.9648,861.4992,1741.386,2481.091,3211.652,0.0373049,0.01750557,0.004669143,0.002170408,0.001023911
46265,1237667444048855053,12.55116,897.6066,4396.078,9539.722,13349.52,15640.15,0.002580235,0.00839312,0.00349559,0.001092091,0.0001113927
49214,1237667444049248315,13.09066,1669.954,3973.79,5804.128,7060.399,7253.074,0.006215353,0.01257587,0.003906462,0.001601467,0.0004130743
46517,1237667444585922609,12.7809,846.2416,3923.257,7720.394,10741.46,13332.86,0.0003194612,4.334019E-05,1.194537E-05,6.700006E-06,4.490018E-06
54415,1237667536393535640,17.12892,12.07823,51.36652,140.7451,215.3157,287.6856,0.2188118,0.655125,0.2130874,0.09261698,0.01150525
46149,1237667536935256133,12.14337,2168.363,6940.589,13888.43,19367.74,24820.04,0.004220546,0.001479889,0.0005798206,0.0002295311,0.0001235861
51334,1237667537465770065,13.98123,376.9859,1387.092,2555.692,3474.477,4361.72,0.01958862,0.03087663,0.02820066,0.02186474,0.001954839
47259,1237667537469505656,23.0648,-5.243008E-06,0.4738882,0.5701779,0.04352132,1.411805,4.226474,14.023,9.002329,3.446726,0.4136706
50113,1237667538544427325,14.92595,201.414,564.8829,1070.581,1403.504,1867.493,0.000996772,0.05110852,0.0008367463,0.0006521821,0.0006487111
49604,1237667542291120185,13.7333,693.8795,1892.763,3211.305,4042.547,4763.034,0.007187249,0.0009143291,0.000124007,8.3968E-05,6.975031E-05
52377,1237667549268803624,12.32639,2696.764,7203.661,11733.96,14647.82,17210.77,0.0003764378,0.0002447169,8.19639E-05,7.656297E-05,2.733809E-05
49188,1237667549269852207,13.15449,778.7498,2906.19,5472.722,7877.053,9729.681,0.009238533,0.002058832,0.0007223773,0.0003838268,0.0003689269
4295,1237667550342152197,14.96027,83.45512,439.1719,1037.268,1619.588,2240.822,0.01170087,0.001016026,0.0002404315,9.906826E-05,6.048795E-05
50147,1237667551417401603,17.70889,21.00083,64.44532,82.49784,94.58237,112.264,0.1606769,0.4363809,0.3644157,0.07647315,0.008668985
48933,1237667733987655840,16.81271,51.67446,140.8886,188.3289,222.1332,265.5708,0.1838887,0.7642253,0.3029736,0.1384981,0.01034341
49173,1237667734491824164,15.1653,249.691,629.8798,858.7773,1014.123,1217.358,0.06734105,0.03073941,0.01554436,0.01191651,0.004485643
52239,1237667735034593403,16.47269,39.69854,160.8934,257.5878,325.9048,293.7664,0.03583536,0.07451965,0.00837838,0.01447518,0.0002669372
49215,1237667735041474584,13.71218,352.3021,1606.216,3274.366,4781.982,5637.78,0.01258454,0.006346346,0.001068727,0.0004699299,0.0005976596
52296,1237667735578607674,18.90954,10.52992,25.92325,27.30081,26.83594,18.88688,0.3158031,0.1770349,0.1590433,0.0961722,0.03233505
1753,1237667781215191200,16.62232,53.58172,150.8415,224.4259,294.555,328.2183,0.03615283,0.05563495,0.007581111,0.04558087,0.004138546
55317,1237667781218664630,16.47894,65.18259,171.6668,256.1088,279.5558,258.2657,0.03228814,0.05134977,0.06649394,0.01629275,0.002304203
250,1237667782821216481,16.64836,55.86733,155.1267,219.1077,271.9549,293.2064,0.1095179,0.476595,0.512028,0.10289,0.005903752
49222,1237667782829670591,13.99099,501.5049,1587.895,2532.822,3298.703,3629.103,0.01323416,0.02176402,0.01276533,0.01249775,0.001049542
51709,1237667782838452274,15.18928,205.3096,636.786,840.0195,996.6934,1047.354,0.03311171,0.08940808,0.08404727,0.05068117,0.003485802
47368,1237667783913701402,11.85992,2331.458,9667.19,18031.53,24287.57,30116.38,0.002002086,0.0001987801,1.682989E-05,8.884172E-06,1.234316E-05
49239,1237667783917174815,13.8884,209.9228,1517.505,2783.824,4182.108,4620.751,0.002770327,0.002313063,0.0005597706,0.0001796998,0.0002205705
48998,1237667783929430240,20.63821,2.358832,5.106151,5.552819,5.576592,4.650824,1.380571,1.45925,1.183507,0.5758757,0.096924
50,1237667912734671020,17.81347,22.2714,53.14648,74.92245,89.48361,96.55038,0.1204268,0.8450133,0.3735397,0.1353606,0.009277737
48604,1237667912740896940,14.10016,164.0084,967.8235,2290.536,3641.155,5131.653,0.0003579361,2.000512E-05,4.241196E-06,1.75948E-06,1.128446E-06
1343,1237667914879467669,16.67652,13.2624,85.06925,213.4978,335.9522,461.9277,0.2583713,0.3039711,0.09548936,0.02975129,0.009321893
7005,1237667915412865180,17.07397,52.68324,125.2954,148.0506,170.4868,149.7751,0.06618568,0.4277692,0.2216016,0.08479984,0.005440072
4691,1237667915953733789,17.50986,8.135377,44.88894,99.09551,142.8311,185.2649,0.3652406,2.60981,0.9577242,0.4902204,0.02626283
807,1237667916491260062,14.81575,104.5231,548.0038,1184.95,1735.374,2271.145,0.05658958,0.1110309,0.02948328,0.01147508,0.003070073
50813,1237667967494586544,14.4427,223.4502,934.5252,1670.776,2570.604,2662.385,0.01374283,0.04683109,0.01039891,0.01201283,0.0008160111
54416,1237668270838251569,16.50012,55.25928,166.4827,251.1598,305.1805,289.3217,0.09336857,0.1631824,0.09918992,0.04838846,0.004735378
52445,1237668293375885373,14.09134,367.8543,1249.996,2309.214,3162.124,3951.683,0.004628462,0.001647435,0.0003922174,0.0001922128,0.0001429561
46737,1237668293912690796,14.34861,551.8979,1202.256,1822.033,2299.463,2929.105,0.002488281,0.001280261,0.0004576127,0.0002447629,7.163116E-05
4692,1237668294449561789,17.35769,14.96048,59.55746,114.0055,155.5735,196.8167,0.4730557,0.5623397,0.3170725,0.1226874,0.0214375
49103,1237668294985121847,14.00013,621.7075,1700.851,2511.58,3111.803,3724.894,0.01386326,0.02848364,0.01748465,0.009897457,0.0008426097
52384,1237668294985121847,14.00013,621.7075,1700.851,2511.58,3111.803,3724.894,0.01386326,0.02848364,0.01748465,0.009897457,0.0008426097
49555,1237668294987415615,13.07702,802.72,3093.068,5877.494,7832.333,9089.034,0.005199136,0.0001084012,1.892783E-05,5.524336E-05,7.543855E-06
52269,1237668297128149134,14.99673,131.4689,512.1576,1003.015,1430.894,1888.878,0.05024877,0.08784211,0.02665909,0.009261609,0.002576052
48618,1237668297678651719,14.68255,304.8193,898.7499,1339.619,1564.484,1568.233,0.01099468,0.03010958,0.01603904,0.007449391,0.0007253175
11332,1237668298203005130,16.66252,26.9807,115.7336,216.268,303.6395,371.7237,0.1594878,0.9064287,0.3480577,0.1570679,0.007607842
48951,1237668298218733681,14.00227,408.7017,1318.742,2506.634,3535.705,4349.808,0.00327896,0.01436793,0.001588277,0.000963937,0.000554162
49592,1237668312163942692,14.40385,378.5934,1104.603,1731.645,2288.642,2665.504,0.02939354,0.01606377,0.002464068,0.001261624,0.0007629691
52244,1237668332561760341,20.26655,2.500811,5.822139,7.821251,8.70383,9.115046,1.164645,0.72919,0.2981392,0.1630623,0.04019915
50138,1237668332562087965,13.87245,357.4911,1502.951,2825.006,3590.811,4853.815,0.01010091,0.002206075,0.00222055,0.004224244,0.0002976776
50737,1237668332572836064,16.81353,10.52866,110.268,188.1863,257.7181,356.5206,0.03972225,0.2237096,0.1661368,0.02170057,0.001151718
50983,1237668333098958899,15.92865,107.1476,307.6388,425.149,517.6306,549.5447,0.05424774,0.01156616,0.009628696,0.01073014,0.001986168
48712,1237668337400348782,17.73654,10.33509,41.75321,80.42342,124.4339,153.2826,0.2794801,0.09019519,0.04908757,0.03082867,0.02382662
47646,1237668349214785881,14.92153,156.7795,554.6747,1074.948,1518.601,1926.759,0.02499411,0.03218115,0.02482385,0.01251255,0.00245417
51989,1237668349219111236,14.71905,293.6017,884.3134,1295.326,1640.749,1985.955,0.01943969,0.01045277,0.004818887,0.001846151,0.001145502
47604,1237668349744841103,22.07652,2.071405,2.178139,1.467285,2.855627,0.004527268,0.6283104,1.148302,1.584298,0.3778385,0.08352563
50207,1237668349748379825,15.77059,106.6525,325.823,491.7709,632.4778,779.3995,0.08474988,0.3725137,0.1972028,0.08587827,0.005824066
51750,1237668350817009776,15.27714,150.5136,532.248,774.7203,949.5182,992.3549,0.02539097,0.1184605,0.09490153,0.02773408,0.002567549
50943,1237668366927398048,16.97453,30.38282,111.9116,162.2512,169.6214,10.69116,0.02374551,0.12828,0.08564892,0.01677608,0.001105231
52007,1237668367459418482,14.23047,524.6817,1341.017,2031.483,2404.565,2846.747,0.004863567,0.002230849,0.004839636,0.003183257,0.0007755879
46790,1237668495239544891,15.59943,30.08388,223.9475,575.7427,834.5021,1073.294,0.1006847,0.1552301,0.02523261,0.01314744,0.002964613
4322,1237668588648399000,15.96887,59.34131,210.8067,409.6877,576.519,748.5432,0.1816856,0.2172863,0.07989302,0.02212952,0.00865673
806,1237668588650627118,16.15716,101.0683,242.8585,344.4576,446.164,518.2454,0.2758326,0.07422304,0.03221799,0.01964147,0.01102413
54551,1237668675623518317,17.33247,24.88967,73.46262,116.6837,156.8875,166.1828,0.1946003,1.077595,0.88047,0.1516899,0.008680712
48595,1237670450523144332,13.35244,621.166,2009.432,4560.621,6519.104,7164.684,0.004827296,0.01531932,0.007724857,0.003579792,0.0003790758
1554,1237670964849672310,14.44495,102.0144,694.6313,1667.325,2579.123,3586.289,0.02411103,0.01529478,0.002807537,0.00115038,0.0004611982
3918,1237670965385494723,16.65459,3.328658,118.0597,217.8528,301.9693,299.1199,0.02230134,0.01467739,0.002210677,0.0007600568,0.0001688278
52213,1237671123767853071,14.96359,84.78123,504.1498,1034.105,1519.011,1887.507,0.09719098,0.03121171,0.009701151,0.0045882,0.003304586
55184,1237671262273405158,17.43412,34.35678,85.98043,106.2554,130.2465,204.5543,0.1182915,0.2641225,0.2094866,0.07583947,0.007982621
52673,1237671262281531531,17.74298,29.65741,64.43813,79.94823,103.7474,91.77406,0.418535,1.591136,0.6259885,0.2975573,0.02392107
51345,1237671690153558153,14.43384,306.415,962.4155,1684.468,2361.261,2935.931,0.03107831,0.06473702,0.02461234,0.00950063,0.001734104
47973,1237671692300648692,14.17731,450.1539,1340.195,2133.419,2821.587,3561.837,0.0151241,0.06640417,0.02805373,0.009735428,0.0009769714
52852,1237671991339516005,14.77735,190.5571,780.6569,1227.609,1485.939,1685.032,0.01433504,0.02909979,0.02125649,0.01106896,0.0006033205
51734,1237673807583576364,14.92762,186.8453,833.2963,1068.937,1257.071,1091.297,0.01085026,0.02691787,0.01683048,0.00810015,0.0005617862
48463,1237674365920739456,19.25421,3.962569,8.386783,19.87473,26.94446,35.02301,0.4454567,0.2651182,0.09002496,0.04865434,0.02854192
47732,1237674365920739456,19.25421,3.962569,8.386783,19.87473,26.94446,35.02301,0.4454567,0.2651182,0.09002496,0.04865434,0.02854192
55135,1237674462028234968,16.39612,61.08852,179.6015,276.4076,343.1757,391.8212,0.1479659,0.3750184,0.2146558,0.1126372,0.01194444
479,1237674602676814045,17.35023,17.92796,77.31958,114.7906,145.6151,167.0513,0.1613253,0.9150772,0.5510461,0.1352704,0.008133749
441,1237671129130664102,16.97682,12.65503,70.89752,161.9094,231.8432,314.5698,1.238615,2.64998,0.8049849,0.408281,0.07166123
49558,1237671124298367242,18.20579,7.866524,27.0594,52.2014,54.86021,49.60381,5.368936,13.3704,5.860399,3.362913,0.2235778
47955,1237668624630284403,12.33001,652.3389,5241.724,11694.84,13505.02,15566.66,0.002208231,9.899692E-06,1.379443E-05,7.528536E-05,1.339841E-06
47475,1237668624630284403,12.33001,652.3389,5241.724,11694.84,13505.02,15566.66,0.002208231,9.899692E-06,1.379443E-05,7.528536E-05,1.339841E-06
48510,1237668495242821647,12.19966,1106.037,4951.34,13186.68,18471.84,23858.01,8.019405E-05,1.602073E-05,2.034787E-05,1.320228E-05,8.684015E-06
50959,1237668289617985540,18.82029,2.845515,13.38487,29.64004,45.69869,65.27392,1.107634,0.2186799,0.04438827,0.0179249,0.008113709
50883,1237668289082818598,13.44216,624.1741,2237.365,4198.894,5730.688,6888.839,0.02163982,0.007212742,0.0006020019,0.0001560545,0.0001121027
3906,1237667781738889424,16.69643,2.954202,69.2173,209.6175,312.9857,365.0108,0.07337365,0.1305324,0.03480788,0.01132096,0.003350448
46753,1237667448879448236,21.179,0.5690091,2.812618,3.371713,3.553306,2.136266,1.746858,2.593171,1.770272,0.7555867,0.1450227
48960,1237667447801381057,21.9725,0.5626251,1.123035,1.616695,2.076505,5.808573,0.0002538549,0.0003468212,4.981462E-05,1.791836E-05,0.004067186
48149,1237667446192209932,21.88194,2.087741,3.132469,1.758795,-3.828319E-05,-0.0001738797,0.0003311567,0.0001190585,3.36884E-05,1.300482E-05,3.841233E-06
47966,1237667253471543340,11.13833,5297.789,19187.11,35048.42,46686.23,55288.57,0.0002859752,2.287628E-05,4.374261E-06,2.890707E-06,8.11265E-06
51883,1237667253465841798,15.63986,91.55707,348.1381,554.6979,723.675,877.3378,0.04790083,0.09572065,0.05508442,0.02649685,0.002763378
52036,1237667253459616025,14.82333,99.62397,571.7203,1176.704,1736.644,2291.302,0.006824525,0.005350328,0.001592893,0.0008484969,0.0006212771
47349,1237667252933754939,22.55662,0.3736168,0.2666157,0.9340144,-1.329464E-05,0.389784,2.850674,4.73748,2.837064,1.166461,0.1669439
49629,1237665549431013645,17.02457,32.71614,106.1965,154.9432,195.4979,182.0218,0.1051269,0.7061974,0.237014,0.1012096,0.00602897
46714,1237665532785786979,12.49424,1358.688,5510.731,10053.15,13535.84,15453.96,0.01007219,0.00549073,0.003657887,0.0008949807,0.0004467237
4313,1237665442591015074,16.16894,38.74355,146.2749,340.7415,528.1574,707.3716,0.08906671,0.4257401,0.1597821,0.03804903,0.006916482
1821,1237665440979484734,15.31636,95.09938,376.1588,747.2348,1055.096,1340.097,0.04724289,0.02225466,0.00590113,0.002841665,0.001833188
47627,1237665368509710426,17.3052,3.923034,40.10028,119.6521,129.4648,113.6107,1.086982,0.09856311,0.01697497,0.007528132,0.004659156
50716,1237665350780846230,22.29126,0.429048,0.986545,1.200097,0.4264732,-0.0001952479,2.081524,8.935713,3.827589,1.439752,0.1352906
46868,1237665331460571164,13.70124,718.5203,2301.891,3307.544,3788.095,4056.427,0.006146498,0.01988908,0.009184934,0.004425209,0.0003919824
52216,1237665225701261394,14.24235,259.8167,959.6949,2009.365,2965.622,3633.428,0.04023119,0.03112358,0.007510443,0.003574425,0.001320605
46465,1237664880488415332,11.62746,1264.898,7827.162,22336.52,38355.5,50948.64,0.001816954,0.00256522,6.687178E-05,9.561197E-06,5.835191E-06
48680,1237664880487825512,14.95848,144.1738,617.7313,1038.982,1372.654,1368.728,0.01366766,0.08476789,0.0374845,0.01933677,0.001526552
50656,1237664869211504804,21.75722,0.4132377,1.600335,1.974769,3.313788,2.032691,2.073601,3.925969,1.589203,0.942748,0.1662479
50650,1237664869211504804,21.75722,0.4132377,1.600335,1.974769,3.313788,2.032691,2.073601,3.925969,1.589203,0.942748,0.1662479
52629,1237664869211504804,21.75722,0.4132377,1.600335,1.974769,3.313788,2.032691,2.073601,3.925969,1.589203,0.942748,0.1662479
47686,1237664869211504785,24.80193,4.207058E-05,1.666933E-05,2.534314E-05,3.252803,6.00552,0.2950988,0.07828493,0.02514977,0.01528851,0.007846566
52403,1237664672715177995,17.46804,45.86222,67.1995,102.9876,118.7302,146.6626,0.1277005,0.02540678,0.009927774,0.004867947,0.003639277
55361,1237664668970123366,16.25335,39.8501,156.2997,315.2536,464.1132,600.71,0.03643194,0.05774161,0.004561273,0.01206619,0.001967599
48915,1237664668443607076,13.74926,707.2659,1941.956,3164.442,4152.554,4944.919,0.006486633,0.004878861,0.004299322,0.002927798,0.0006397461
46294,1237664668432138249,12.48982,1662.275,5957.198,10094.23,12743.51,12260.46,0.001620466,0.001459578,3.814089E-05,0.001017366,8.459158E-05
49528,1237664292075274273,20.72673,3.235755,4.979561,5.117644,5.094867,2.777392,1.567206,0.9482921,0.9566053,0.6571407,0.1657834
48601,1237663529726836751,11.3987,7208.529,18477.76,27575.19,35528.85,37988.73,0.0001095843,3.649799E-05,0.0001073671,0.0002647908,5.2261E-05
52107,1237662504295923869,13.69942,407.5532,1961.151,3313.077,4419.23,5442.078,0.01129875,0.0360177,0.01007071,0.004908183,0.0009345803
51114,1237662237474488393,19.47167,2.566143,9.04433,16.26699,23.15026,34.95365,1.048988,0.3595376,0.09737586,0.05036042,0.02208309
52615,1237662237474488393,19.47167,2.566143,9.04433,16.26699,23.15026,34.95365,1.048988,0.3595376,0.09737586,0.05036042,0.02208309
51085,1237662199887167586,14.84553,301.963,796.8367,1152.887,1404.954,1473.879,0.00789676,0.02748821,0.0214032,0.007490439,0.0007653994
54494,1237662198814343328,16.37151,73.84836,193.2908,282.745,337.4565,412.7916,0.178983,0.604872,0.2300254,0.1115811,0.008576876
50243,1237662193998692506,16.71355,74.94206,171.2163,206.3389,233.0404,255.4261,0.05888673,0.01164082,0.1605716,0.05305535,0.0009482673
50779,1237661871338029230,15.30456,183.407,543.837,755.3997,873.1977,917.1218,0.01857123,0.02545125,0.01536262,0.009727804,0.001689002
52469,1237661871338029229,13.64754,471.8821,2197.206,3475.224,4384.838,4483.14,0.004656454,0.009978699,0.006353693,0.004425627,0.0008191589
51986,1237661465447432231,14.33989,214.8372,897.1634,1836.724,2700.708,3435.825,0.02712884,0.002211775,0.0005766051,0.0002961476,0.000242933
46279,1237661435382595629,16.75154,-140.688,-0.02531305,199.2425,550.0611,248.3824,0.003719578,0.01793981,2.764819E-05,9.905476E-06,3.702665E-06
54296,1237661433245335847,16.87214,39.20578,126.2018,178.2961,211.7043,237.3207,0.04661629,0.1701641,0.08531767,0.02387334,0.001602559
52339,1237661388678168685,16.46667,35.12654,179.0134,259.019,286.1753,355.7813,0.02899773,0.09487692,0.163525,0.03153431,0.002910529
51978,1237661382774161505,14.25185,388.7612,1216.243,1991.868,2653.004,3096.64,0.02043697,0.02073482,0.01293581,0.007064813,0.001927942
46349,1237661382773440633,14.40508,509.0565,1218.408,1729.682,2086.624,2165.948,0.01813376,0.04322959,0.01120321,0.001416469,0.0005592505
46480,1237661358078427201,18.77334,23.66355,57.71165,30.94964,10.49191,0.0001089278,0.1798824,0.01784703,0.002902087,0.02072169,0.01959375
53314,1237661356998525022,17.64511,33.01623,66.65542,87.48975,99.12303,105.8996,0.3111433,1.367317,0.6055414,0.2415384,0.0145886
50241,1237661212581101721,16.51836,54.15902,159.9391,246.9763,290.0999,316.561,0.1933959,0.4663355,0.1844286,0.08033358,0.0125286
49662,1237661211510833321,13.7917,450.0951,1757.862,3043.134,4028.279,4760.779,0.01060178,0.002816275,0.001076709,0.0008140966,0.0005130913
52177,1237661211510833321,13.7917,450.0951,1757.862,3043.134,4028.279,4760.779,0.01060178,0.002816275,0.001076709,0.0008140966,0.0005130913
48056,1237661152452149305,13.55211,641.62,2285.072,3794.518,4846.193,5299.301,0.01155484,0.0222555,0.006891473,0.003680153,0.0004540099
49190,1237661151913771115,12.87033,462.6383,3039.565,7109.95,9256.167,11611.81,0.0002761061,3.260268E-05,5.787744E-06,6.248655E-06,7.529599E-06
51145,1237661070872870923,12.20402,2249.532,7571.292,13133.88,17451.01,21685.38,0.005811778,0.00631127,0.001707591,0.000663183,0.000124407
47014,1237661069251510395,14.06833,529.9479,1447.805,2358.684,2943.778,3586.79,0.006120925,0.02426346,0.01420201,0.007349147,0.0003339834
47050,1237661069251510395,14.06833,529.9479,1447.805,2358.684,2943.778,3586.79,0.006120925,0.02426346,0.01420201,0.007349147,0.0003339834
53982,1237661069244694577,17.40418,20.651,63.08371,109.2267,152.8161,192.5228,0.1680366,0.6057734,0.2470152,0.1021476,0.006241931
47996,1237660961324597330,12.6898,822.6408,4132.564,8396.16,12470.07,15994.81,0.001225523,9.637988E-05,3.395704E-05,2.78275E-05,1.883606E-05
46111,1237660961324597330,12.6898,822.6408,4132.564,8396.16,12470.07,15994.81,0.001225523,9.637988E-05,3.395704E-05,2.78275E-05,1.883606E-05
52547,1237660764834234638,14.0732,477.4884,1400.112,2348.129,2973.823,3085.382,0.02145658,0.04153404,0.008729167,0.004091077,0.0012517
48884,1237660635465646259,14.70315,157.5404,668.0596,1314.441,1862.868,2365.039,0.0631343,0.1170301,0.05044104,0.02254889,0.002398023
47132,1237660342863724615,15.89367,46.44455,211.1988,439.0684,671.0979,890.805,0.0625074,0.2655179,0.07463432,0.0275234,0.001954968
4254,1237658492816064582,16.34161,27.76209,135.0332,290.6411,424.6334,538.0762,0.3522344,1.552522,0.6236421,0.3121652,0.02127584
54295,1237658492806496365,15.41411,95.01833,357.9036,682.8956,947.311,1152.769,0.06857681,0.2219054,0.06829885,0.02788659,0.002922567
48977,1237658424092065821,13.59318,723.5504,2180.882,3653.666,4822.171,5965.248,0.01967963,0.02445732,0.01445477,0.01502059,0.001707358
47296,1237658205582000162,14.13497,266.3999,1148.161,2218.248,3100.013,3847.942,0.03772266,0.004180181,0.00117679,0.0005962184,0.0004834954
48838,1237658205567909948,13.50321,566.276,2063.715,3969.337,5353.067,7412.722,0.005946277,0.002335701,0.0006929061,0.0002721863,0.0002437318
51482,1237658205061972048,12.96581,576.933,3016.023,6511.45,9405.774,12937.83,0.009866248,0.01231621,0.004561278,0.003106813,0.000239577
50097,1237658205061972048,12.96581,576.933,3016.023,6511.45,9405.774,12937.83,0.009866248,0.01231621,0.004561278,0.003106813,0.000239577
51313,1237658204503539910,14.10429,518.0717,1501.742,2281.834,2953.72,3453.289,0.01420428,0.03387504,0.02811849,0.01114485,0.0008456248
46384,1237657633260699874,13.31872,662.2209,2327.468,4704.47,6978.401,8955.452,0.002438726,0.009081115,0.004611577,0.001450781,0.0005044662
47914,1237657633260699874,13.31872,662.2209,2327.468,4704.47,6978.401,8955.452,0.002438726,0.009081115,0.004611577,0.001450781,0.0005044662
52557,1237657628987031575,14.03489,347.2434,1479.972,2432.441,2889.47,3308.593,0.0002125436,1.479947E-05,7.197477E-06,5.554188E-05,2.456396E-06
50567,1237657628987031575,14.03489,347.2434,1479.972,2432.441,2889.47,3308.593,0.0002125436,1.479947E-05,7.197477E-06,5.554188E-05,2.456396E-06
52674,1237657595683078624,16.38588,27.31201,119.8452,279.0289,442.1204,593.9593,0.09385788,0.1215806,0.02658466,0.01946537,0.01039228
52652,1237655502963081493,14.67415,232.9689,730.0821,1350.014,1911.945,2364.393,0.039862,0.0408758,0.01601469,0.00729799,0.002009038
48937,1237655368755052645,14.86808,242.0685,672.3279,1129.193,1482.162,1618.917,0.04454276,0.1421307,0.05780824,0.01799172,0.001715255
49053,1237655347276677270,15.5441,123.9304,395.8979,605.8406,757.5938,871.7367,0.05894205,0.2066054,0.09907191,0.0304267,0.002362825
25389,1237654653097935029,15.00419,133.0386,522.7525,996.1523,1572.007,1937.898,0.0135281,0.002411412,0.003250196,0.0006946823,0.001059693
11403,1237651066814529658,17.02824,34.83697,108.9595,154.4194,197.6118,235.7567,0.1850835,0.204455,0.1387712,0.06295424,0.007202622
440,1237648720153870563,17.21167,29.57446,75.54826,130.4165,173.042,195.1198,0.3338727,1.00324,0.406767,0.1656773,0.01202949
471,1237648702981931189,16.66503,51.85702,147.6098,215.7685,272.9535,286.3818,0.2081175,0.7262382,0.3258059,0.1413632,0.01013572
51666,1237664878339031295,15.52569,100.7614,357.808,616.2009,708.6722,987.7594,0.008000064,0.009591711,0.001027951,7.317973E-05,3.273558E-05
52573,1237661950260215829,24.80216,12.16785,9.821816,-2.516114E-05,-3.026187E-05,-0.0001742763,0.05032101,0.004127459,0.0006578219,0.0006720864,0.0003530454
46877,1237661950260215827,12.94423,490.2838,3242.333,6642.162,9173.84,11230.04,0.0003163655,0.0004644886,0.0002154119,0.001026732,0.0001006253
47972,1237661387065786478,13.25705,507.3475,2417.606,4979.438,7312.277,9705.606,0.005637154,0.002160848,0.0008135124,0.0004223229,0.0003864926
49172,1237658492816064604,13.32249,608.5905,2397.984,4688.177,6562.944,8216.775,0.002288309,0.0005626216,0.000274092,0.0001793245,0.0003263839
48954,1237658492816064604,13.32249,608.5905,2397.984,4688.177,6562.944,8216.775,0.002288309,0.0005626216,0.000274092,0.0001793245,0.0003263839
46558,1237658203969880124,11.49945,2321.322,11937.84,25131.69,37206.1,49864.36,0.003512535,0.0003775551,0.0001257276,0.0001014919,2.525255E-05